User Database
findlay_butler@hr.yahoo.com,findlay_butler,s3pU40CB
cain_mosley@finance.yahoo.com,cain_mosley,8VClIAjG
donna_beltran@accounting.yahoo.com,donna_beltran,n4NgDF3P
sian_ramirez@sales.yahoo.com,sian_ramirez,1yWrRme7
angelo_fulton@it.yahoo.com,angelo_fulton,4OaJqhmH
daniyal_castro@ops.yahoo.com,daniyal_castro,NyBIv8aM
cayden_morrison@purchasing.yahoo.com,cayden_morrison,oLSqs8rS
amir_haney@randd.yahoo.com,amir_haney,DaRYw7iy
olive_fowler@production.yahoo.com,olive_fowler,OM0bBpwt
ernest_bauer@marketing.yahoo.com,ernest_bauer,QiKHpOqC
isla_burnett@leadership.yahoo.com,isla_burnett,fYxixXpp
albert_velazquez@sales.yahoo.com,albert_velazquez,UDw3oHvn
filip_donovan@it.yahoo.com,filip_donovan,5e75eXwl
hamza_crawford@ops.yahoo.com,hamza_crawford,D3MZYrp9
astrid_obrien@purchasing.yahoo.com,astrid_obrien,XlkGYwFy
milan_odling@randd.yahoo.com,milan_odling,G4BBVs9E
ruairi_stevenson@production.yahoo.com,ruairi_stevenson,YLW2oUZ5
ria_bonner@marketing.yahoo.com,ria_bonner,dYONHonN
ela_hicks@leadership.yahoo.com,ela_hicks,qVNe2GPw
aron_bean@finance.yahoo.com,aron_bean,MM4fqO7T
woody_gardner@accounting.yahoo.com,woody_gardner,8T6GFzQK
clyde_stokes@sales.yahoo.com,clyde_stokes,g84BTEni
samantha_harrison@it.yahoo.com,samantha_harrison,UDCahdvp
gina_mason@finance.yahoo.com,gina_mason,19VdMVnp
hollie_vance@accounting.yahoo.com,hollie_vance,XqMsMlSb
tillie_villa@sales.yahoo.com,tillie_villa,jlkgkuQK
jacqueline_dean@it.yahoo.com,jacqueline_dean,tg341Kv6
xavier_vaughn@finance.yahoo.com,xavier_vaughn,VoCs1Pnc
elif_pace@accounting.yahoo.com,elif_pace,jY7B9oQO
thalia_duran@sales.yahoo.com,thalia_duran,2QgLOQwQ
lacey_fields@it.yahoo.com,lacey_fields,f7mYXKHr
abi_hamilton@accounting.yahoo.com,abi_hamilton,9VHZc2Rp
carys_ward@sales.yahoo.com,carys_ward,8d9dGHAH
philippa_velez@accounting.yahoo.com,philippa_velez,GqUW5und
annie_chen@sales.yahoo.com,annie_chen,OvsQ8Gsv
rhonda_sears@accounting.yahoo.com,rhonda_sears,XWZTvV3e
casey_bullock@sales.yahoo.com,casey_bullock,3zN6FYcP
lily-may_morgan@accounting.yahoo.com,lily-may_morgan,YGF6b6VT
jak_garner@sales.yahoo.com,jak_garner,VYEnOI0o
abbas_hines@accounting.yahoo.com,abbas_hines,Jxk7pXyN
amira_gill@sales.yahoo.com,amira_gill,ZrA6Smbm
jaime_watkins@accounting.yahoo.com,jaime_watkins,7ltdtQXP
noor_mccall@sales.yahoo.com,noor_mccall,9PINubim
jasper_norris@ops.yahoo.com,jasper_norris,hJ8bSVWd
olivier_roach@ops.yahoo.com,olivier_roach,9W643AaO
dhruv_callahan@ops.yahoo.com,dhruv_callahan,3OdWvNq8
anjali_meyer@hr.yahoo.com,anjali_meyer,KBNDON8I
mae_noble@hr.yahoo.com,mae_noble,V7rulfDw
brogan_fitzpatrick@hr.yahoo.com,brogan_fitzpatrick,9G7Grazv
haris_clayton@hr.yahoo.com,haris_clayton,n4MDHOz3
